,book,author,price
0,กาหลมหรทึก (ฉบับครบรอบ 10 ปี),ปราปต์,283.50 บาท
1,บ้านซ่อนศพ,สาววายรำพัน,180.00 บาท
2,โอปปาติกะอำพราง,กิตติศักดิ์ คงคา,270.00 บาท
3,Boxset ชุด 7 วันจองเวร,ภาคินัย,"2,025.00 บาท"
4,ฆาตกรรมปริศนาโรงแรมสีเลือด,หลี่ป๋อชิง,355.50 บาท
5,12 ขั้น บันไดผี (ชุด 7 วันจองเวร  เล่ม 5),ภาคินัย,238.50 บาท
6,อาถรรพ์เรือนลั่นทม (ชุด 7 วันจองเวร  เล่ม 3),ภาคินัย,238.50 บาท
7,ตีตั๋วไปตาย (ชุด 7 วันจองเวร เล่ม 4),ภาคินัย,238.50 บาท
8,ศพ-เซ่น-ศาล (ชุด 7 วันจองเวร เล่ม 7),ภาคินัย,238.50 บาท
9,กระจกสั่งตาย (ชุด 7 วันจองเวร เล่ม 2),ภาคินัย,238.50 บาท
10,ห้องคลอดมรณะ (ชุด 7 วันจองเวร เล่ม 1),ภาคินัย,238.50 บาท
11,ท้าคนเป็น เห็นคนตาย (ชุด 7 วันจองเวร เล่ม 6),ภาคินัย,238.50 บาท
12,Vbox คนสองวิญญาณ,สรจักร,490.50 บาท
13,คนสองวิญญาณ,สรจักร,265.50 บาท
14,รักซ้อนซ่อนตาย,นวารา,351.00 บาท
15,วิญญาณครวญ,สรจักร,229.50 บาท
16,ศพท้ายรถ,สรจักร,229.50 บาท
17,ศพข้างบ้าน,สรจักร,229.50 บาท
18,ศพใต้เตียง,สรจักร,229.50 บาท
19,คดีหลอนลิฟต์ซ่อนศพ,ภาคินัย,292.50 บาท
20,คดีปริศนากับนัยน์ตาสืบวิญญาณ,ลอยชาย,292.50 บาท
21,แค้นตุ๊กตา,มายาจันทร์,351.00 บาท
22,บิงโก เกมฆาตกร ตอนที่ 5 เกมโอเวอร์ (จบ),ปราปต์,328.50 บาท
23,หลุยส์ เลตเทรย์ ๓ แท่นพิมพ์แห่งอนันตกาล,พี.ซี.,279.00 บาท
24,ปางปอบ,ทศพล,304.00 บาท
25,การิน ปริศนาคดีอาถรรพ์ คดีที่ 3  (Mg) เกมลองของ สวนสนุกต้องสาป,อัยย์,212.00 บาท
26,การิน ปริศนาคดีอาถรรพ์ คดีที่ 4 (Mg) พิพิธภัณฑ์คนบาป,อัยย์,314.00 บาท
27,การิน ปริศนาคดีอาถรรพ์ คดีที่ 16 (Mg) กลอุบัติมิคสัญญี (บทแรก),อัยย์,132.00 บาท
28,การิน ปริศนาคดีอาถรรพ์ คดีที่ 16 กลอุบัติมิคสัญญี (LN),อัยย์,271.00 บาท
29,กาสักอังก์ฆาต,กิตติศักดิ์ คงคา,270.00 บาท
30,บิงโก เกมฆาตกร ตอนที่ 4 จุดกำเนิด,ปราปต์,285.00 บาท
31,ปีศาจ,เสนีย์ เสาวพงศ์,378.00 บาท
32,ธี่หยด...สิ้นเสียงครวญคลั่ง,กฤตานนท์,292.00 บาท
33,กัลป์วิบัติ TRY NOT TO LOVE EVERYTHING YOU DESTROY,อนิธรา,251.00 บาท
34,การิน ปริศนาคดีอาถรรพ์ คดีที่ 1 : คืนลอยกระทงสีเลือด (Mg),อัยย์,199.00 บาท
35,การิน ปริศนาคดีอาถรรพ์ คดีที่ 2 : ขบวนแห่ภูตป่าอาถรรพ์ (Mg),อัยย์,199.00 บาท
36,บิงโก เกมฆาตกร ตอนที่ 3 เกมกบฏ,ปราปต์,236.00 บาท
37,เล่าเรื่องสามก๊ก ฉบับ คนรุ่นใหม่,เปี่ยมศักดิ์ คุณากรประทีป,418.50 บาท
38,การิน ปริศนาคดีสยอง เรื่องเล่าของผีแบกศาลกับตำนานแม่หญิงคลั่งรัก 4 (LN),อัยย์,231.00 บาท
39,อมฤตาลัย,จินตวีร์ วิวัธน์(จินตนา ปิ่นเฉลียว),558.00 บาท
40,ธี่หยด...แว่วเสียงครวญคลั่ง,กฤตานนท์,316.00 บาท
41,แก้วฟ้าล้ง,มาลา คำจันทร์,288.00 บาท
42,บิงโก เกมฆาตกร ตอนที่ 2 ทีมสังหาร,ปราปต์,260.00 บาท
43,กุณฑลสวาท,พงศกร,416.00 บาท
44,กำไลมาศ,พงศกร,522.00 บาท
45,สร้อยพระศอ,พงศกร,352.00 บาท
46,เบื้องบรรพ์,พงศกร,198.00 บาท
47,ย้งยี้ สาวน้อยยอดนักสืบ ตอนคดีฆาตกรรมคำสาปมรณะ 2,แมวสีฟ้าจากอนาคต,240.00 บาท
48,เปิดตำนานเทพ อสุรกายและวีรบุรุษ ผ่านมหากาพย์ของโฮเมอร์,ชัยจักร ทวยุทธานนท์,220.00 บาท
49,เลื่อมลวง,พงศกร,396.00 บาท
50,โพงคำหอม,ทศพล,216.00 บาท
51,ธำมรงค์เลือด,พงศกร,400.00 บาท
52,ปลายฟ้า สาวสวยสามวิญญาณ,ร เรือในมหาสมุท,180.00 บาท
53,การิน ปริศนาคดีสยอง อาถรรพ์สาปซ่อนศพ เล่ม 3 (LN),อัยย์,242.10 บาท
54,บิงโก เกมฆาตกร เปิดกฎฆ่า,ปราปต์,212.00 บาท
55,จิตกาธาน,สรจักร,268.00 บาท
56,สาปภูษา (ปกใหม่),พงศกร,465.00 บาท
57,ผมสืบคดีฆาตกรรมในวันสิ้นโลก LOOK UP AT GOD'S DICE,ชิเน็น มิกิโตะ,292.50 บาท
58,ฆาตกรรมเดอะมิวสิคัล,ภาณิณ,281.00 บาท
59,คนดีตายหมดแล้ว,สรจักร,260.00 บาท
60,การิน ปริศนาคดีสยอง ตอนที่ 2 ปริศนาตำนานคฤหาสน์ผี,อัยย์,242.10 บาท
61,การิน ปริศนาคดีสยอง ลำดับที่ 1 สาปสยองป่าอาถรรพ์ (LN),อัยย์,242.10 บาท
62,ฆาตกรรมกุหลาบดำ (วินทร์ เลียววาริณ) นวนิยายรหัสคดี ชุดที่ 9,วินทร์ เลียววาริณ,256.50 บาท
63,การิน BLACX ปริศนาคดีอาถรรพ์สีดำ เล่ม 6 (Mg),อัยย์/Black Tohfu,136.80 บาท
64,การิน Blacx ปริศนาอาถรรพ์สีดำ เล่ม 5 (Mg),อัยย์/Black Tohfu,152.10 บาท
65,High school detective คู่ป่วนปริศนาไขคดีฆาตกรรม,K.Tears,252.00 บาท
66,การิน ปริศนาคดีอาถรรพ์ คดีที่ 11: ปัจฉิมบทลิขิตตอนธการ จบภาค (LN),อัยย์,242.10 บาท
67,ยังยี้สาวน้อยยอดนักสืบ ตอน คดีฆาตกรรมปริศนา,แมวสีฟ้าจากอนาคต,270.00 บาท
68,การิน BLACX ปริศนาอาถรรพ์ สีดำ เล่ม 4 (Mg),อัยย์/Black Tohfu,152.10 บาท
69,การิน BLACX ปริศนาอาถรรพ์ สีดำ เล่ม 3 (Mg),อัยย์/Black Tohfu,152.10 บาท
70,การิน ปริศนาคดีอาถรรพ์ คดีที่ 15 บทกลาง : จตุรอาถรรพ์สถาน (Mg),อัยย์,76.50 บาท
71,การิน Blacx ปริศนาอาถรรพ์ สีดำ เล่ม 2 ตอน กลัวมือ (Mg),อัยย์/Black Tohfu,152.10 บาท
72,การิน Blacx ปริศนาอาถรรพ์ สีดำ เล่ม 1 ตอน แมวของชโรดิงเจอร์ (Mg),อัยย์/Black Tohfu,152.10 บาท
73,"การิน ปริศนาคดีอาถรรพ์ คดีที่ 10 บทแรก : ""ตุง"" หนังมนุษย์ (Mg)",Black Tohfu P,76.50 บาท
74,"การิน ปริศนาคดีอาถรรพ์ คดีที่ 10 บทจบ : ""ตุง"" หนังมนุษย์ (Mg)",Black Tohfu P,76.50 บาท
75,"การิน ปริศนาคดีอาถรรพ์ คดีที่ 10 บทกลาง ""ตุง""หนังมนุษย์ (Mg)",Black Tohfu P,76.50 บาท
76,เส้นสายลายสยอง,ตรี อภิรุม,225.00 บาท
77,การิน ปริศนาคดีอาถรรพ์ คดีที่ 15 บทแรก จตุรอาถรรพ์สถาน (Mg),อัยย์,76.50 บาท
78,เพื่อนเดียวเสี่ยวฮัก,มาลา คำจันทร์,261.00 บาท
79,GARIN'S HORROR STORY : ปริศนาคดีสยอง (จบในฉบับ),"Arttblue,Kongkai",134.10 บาท
80,การิน ปริศนาคดีอาถรรพ์ คดีที่ 14 บทจบ : ฆาตกรรมสาปโซเชียล,อัยย์,67.50 บาท
81,การิน ปริศนาคดีอาถรรพ์ ภาค 2 ตอนที่ 10 ญาณอาถรรพ์,อัยย์,179.10 บาท
82,การิน ปริศนาคดีอาถรรพ์ คดี 8 บทจบ ผู้ตามล่าวิถีมรณะ (Mg),อัยย์,67.50 บาท
83,การิน ปริศนาคดีอาถรรพ์ คดี 8 บทแรก ผู้ตามล่าวิถีมรณะ (Mg),อัยย์,67.50 บาท
84,การิน ปริศนาคดีอาถรรพ์ คดีที่ 14 บทกลาง:ฆาตกรรมสาปโซเชืยล,อัยย์,67.50 บาท
85,ฉลาดเกมส์โกง BAD GENIUS,ร เรือในมหาสมุท,323.10 บาท
86,ลายราชสีห์ ชุด นักสืบสตรีศรีอโยธยา โดย พงศกร,พงศกร,315.00 บาท
87,การิน ปริศนาคดีอาถรรพ์ ภาค 2 ตอนที่ 9 มรณะทูตทวงกรรม (LN),อัยย์,179.10 บาท
88,การิน ปริศนาคดีอาถรรพ์ ภาคหัวใจสีดำ ตอนที่ 3 เกมเชื่อความตาย ออนไลน์มรณะ,อัยย์,206.10 บาท
89,หนึ่งนัด,ชัยกร หาญไฟฟ้า,68.00 บาท
90,ชีวะอำพราง,จัตวาลักษณ์,93.00 บาท
91,Cut &amp; Kill ฆ่า-ตัด-ตาย,เอพริล,148.50 บาท
92,Paradi(s)e วิมานเลือด,อันธการ,267.30 บาท
93,สาปสุบิน,ธีรภัทร์,288.00 บาท
94,วายะโลหิต,ธุวัฒธรรพ์,216.00 บาท
95,บ้านนี้...อยู่แล้วตาย!,ชวลักษณ์,225.00 บาท
96,DEADLY DOLL เกาะตุ๊กตาตาย,ภาคินัย,324.00 บาท
97,นรก 8 ขุม,รวมนักเขียน Sofa Publishing,283.50 บาท
98,นิทานมีศพ,รวมนักเขียน Sofa Publishing,251.10 บาท
99,Ghost Memories ผีที่รำลึก,ปองวุฒิ,216.00 บาท
100,หนังของผีรอบเที่ยงคืน,คำเธียร,233.10 บาท
101,ออฟฟิต จิต-หลอน-ตาย,ทักษ์,225.00 บาท
102,ฆาตศึกษา,ธุวัฒธรรพ์,251.10 บาท
103,นกก้อนหิน,บินหลา สันกาลาคีรี,315.00 บาท
104,นิทานของ น.ม.ส. พระนิพนธ์พระราชวรวงศ์เธอกรมหมื่นพิทยาลงกรณ์ ฉบับรวมเล่ม,กรมหมื่นพิทยาลงกรณ์,346.50 บาท
105,Bunraku ๔ FESTIVAL เทศกาลฆาตกรรม,ภาคินัย,342.00 บาท
106,กฎของการเคียดแค้น,รวมนักเขียน Sofa Publishing,267.30 บาท
107,กาลฑาหะ,ธุวัฒธรรพ์,211.50 บาท
108,ทำไม...เจอแต่ผีทุกที่เลย,ครูตู่,211.50 บาท
109,กฎของการคลั่งไคล้,รวมนักเขียน Sofa Publishing,283.50 บาท
110,โปรเจกต์สยองบ้านฝังผี,คำเธียร,211.50 บาท
111,โรงสืบความตาย,ณฐโชค,251.10 บาท
112,The House บ้านเช่าวิญญาณหลอน (เพิ่มตอนพิเศษท้ายเล่ม) พิมพ์ครั้งที่ 3,ก้าวไกล,274.50 บาท
113,ระบำขนนก,มายาโรส,319.50 บาท
114,Your friend คำสาปเพื่อนตาย,ซาวามูระ อิจิ,315.00 บาท
115,เมืองลับแล,มาลา คำจันทร์,360.00 บาท
116,รักหลังราชบัลลังก์ และเรื่องอื่นๆ,ยาขอบ,405.00 บาท
117,ศกุนตลา และ สาวิตรี (ปกแข็ง),พระบาทสมเด็จพระมงกุฎเกล้าเจ้าอยู่หัว,315.00 บาท
118,เสือสมิง (พิมพ์ครั้งที่ 3),สิริ พัฒนกำจร,198.00 บาท
119,อโศกสาง,ปราปต์,355.50 บาท
120,บ้าน.คน.ผี,นัธกร ไตรวิทยากร,378.00 บาท
121,สิ่งที่พ่อผมเจอ...อาถรรพ์ธุรกิจบ้านผี (LN),"Lilita, คุณบอล",260.10 บาท
122,เมื่อหมอเจอผี!,ชวลักษณ์,233.10 บาท
123,นักสืบลายคราม ชุด ฆาตกรรมอลเวง,พงศกร,216.00 บาท
124,มนตราราหุล,ณรัญชน์,351.00 บาท
125,โอปปาติกะอำพราง,นายพินต้า,225.00 บาท
126,Bunraku บันรากุ...หน้ากากฆาตกรรม (พิมพ์ครั้งที่ 11),ภาคินัย,261.00 บาท
127,โครงกระดูกในดวงจันทร์ ONLY THE MOON KNOWS,เจนจิรา เสรีโยธิน,252.00 บาท
128,ปีศาจ (พิมพ์ครั้งที่ 7),เสนีย์ เสาวพงศ์,342.00 บาท
129,ร้านโชว์เฮี้ยนโครงการ 2: สยองเดลิเวอรี,ปราปต์,296.10 บาท
130,CHECK-IN พำนักพักตาย,สุริยาทิศ,215.10 บาท
131,สิ่งที่ผมเจอ ปมหลอน...วิญญาณจองเวร (LN),"Lilita, คุณบอล",242.10 บาท
132,การิน ปริศนาคดีอาถรรพ์ คดีที่ 15 บทจบ : จตุรอาถรรพ์สถาน (Mg),อัยย์,76.50 บาท
133,PINKY BUNRAKU อาชญากรสีชมพู,ภาคินัย,278.10 บาท
134,สุสานสยาม (ปราปต์),ปราปต์,173.00 บาท
135,โลงลิเก,ภาคินัย,278.10 บาท
136,ONE DAY หนึ่งวันก่อนฉันตาย (อีกครั้ง),รวมนักเขียน Sofa Publishing,265.50 บาท
137,เรื่องเล่าหลังควันธูป 2,ลอยชาย,161.10 บาท
138,ดุจวิญญา,ลอยชาย,324.00 บาท
139,บ้านผูกคอ,RabbitRose,180.00 บาท
140,เชิญกนก (คุณหญิงยอดนักสืบ),พงศกร,306.00 บาท
141,บาปรักรอยลวง,กุนหยี,270.00 บาท
142,แว่วเสียงประกาย,เนวิกา,297.00 บาท
143,วิญญาปาสาณ,ธุวัฒธรรพ์,198.00 บาท
144,ราชาธิราช เจ้าพระยาพระคลัง (หน),เจ้าพระยาพระคลัง(หน),405.00 บาท
145,โรงเรียนผีดุ,นทธี ศศิวิมล,161.10 บาท
146,สามก๊กตั้งวงเล่า ฉบับปัญญาชีวิต,อ.เป๋ง สามก๊กตั้งวงเล่า,310.50 บาท
147,HELLIDAY ศพสันต์วันหยุด,ภาคินัย,189.00 บาท
148,การิน ปริศนาคดีอาถรรพ์ : ภาคหัวใจสีดำ ตอนที่ 4 ความลับของกระจกเงา,อัยย์,206.10 บาท
149,อาถรรพณ์น้ำมันพราย,หิมพานต์,117.00 บาท
150,กลิ่นสาบความตาย,รัตติกาล,117.00 บาท
151,มะงุมมะงาหรา,ภาณิณ,288.00 บาท
152,ฉัตรกนก,พงศกร,324.00 บาท
153,รอยสนธยา,ทรงศีล ทิวสมบุญ,288.00 บาท
154,เยือนถิ่นอา...รีรังฝั่งเหนือ,อาทิตย์ บำรุงเอื้อ,225.00 บาท
155,สาปสถิต,ลอยชาย,242.10 บาท
156,7 วัน หลังความตาย,ภาคินัย,242.10 บาท
157,เรื่องเล่าหลังควันธูป,ลอยชาย,180.00 บาท
158,"MY IDOL จับมือไว้...แล้ว ""ตาย"" ด้วยกัน",ภาคินัย,233.10 บาท
159,สารานุ'ตูน วงกต: คลาสเรียนชั่วโมงภูตผีรอบโลก,ฟองน้ำ,143.10 บาท
160,สารานุ'ตูน วงกต: คลาสเรียนชั่วโมงภูตผีรอบโลก,ฟองน้ำ,143.10 บาท
161,สารานุ'ตุน วงกต: คลาสเรียนชั่วโมงสิ่งของและเรื่องลี้ลับนอกห้องเรียน,ปานแก้วตา ชุณหบัณฑิต,143.10 บาท
162,ภาคีทัณฑ์อาถรรพ์ : อวสานนิทานกรรม  (LN),Black Tohfu P,269.10 บาท
163,ฆ่าไม่ให้ตาย AND SO IT BEGINS,Rachel Abbott,265.50 บาท
164,2525 เลขอาถรรพ์ วันมรณะ,ปัญจนารถ,324.00 บาท
165,7 สยองในตำนาน,Snake Russell (สเน็ค รัสเซล),175.50 บาท
166,เรื่องเล่าหลังความตาย,แต้ม ท่าตะโหนด,117.00 บาท
167,หลุยส์ เลตเทรย์ เล่ม 2 ตอน ครั้งมรณะ,พี.ซี.,332.10 บาท
168,บ้านผีเฮี้ยน,แต้ม ท่าตะโหนด,117.00 บาท
169,คืนนี้ผีมาตามนัด,แต้ม ท่าตะโหนด,117.00 บาท
170,วิญญาณพยาบาท,แต้ม ท่าตะโหนด,117.00 บาท
171,BUNRAKU AGAIN! ฆาตกรซ่อนแอบ,ภาคินัย,265.50 บาท
172,โซเชียลพิพากษา เล่ม 4 วีรบุรุษตรรกะวิบัติ (LN),Staying,224.10 บาท
173,ชมรมคนมีสัมผัสพิเศษ ตอน พลั้งพลาด,อลินา,121.50 บาท
174,บุษราอาฆาต,เก้าแต้ม,351.00 บาท
175,LIVE (ถ่ายทอดศพ),ทวิวัฒน์,198.00 บาท
176,วารีสีเลือด,ธุวัฒธรรพ์,161.10 บาท
177,โรงเรียนผีหลอก,นทธี ศศิวิมล,175.50 บาท
178,นัยน์มาร,ลอยชาย,233.10 บาท
179,ศพกระซิบ,ภาคินัย,198.00 บาท
180,บ้าน-คน-ตาย,รวมนักเขียน Sofa Publishing,242.10 บาท
181,ศพสะอื้น,สุริยาทิศ,198.00 บาท
182,เลือดข้น คนจาง,ฤทัยวรรณ วงศ์สิรสวัสดิ์,315.00 บาท
183,PAPER NOTE สร้างเสริมประ(สบ)ศพการณ์ชีวิต,ภาคินัย,180.00 บาท
184,ตา(ย)ไม่หลับ,ปราปต์,175.50 บาท
185,อาถรรพณ์เรือนตานี,ทิดนำ,117.00 บาท
186,การิน ปริศนาคดีอาถรรพ์ คดีที่ 9 บทกลาง : สาปลัทธิโลกาวินาศ (Mg),อัยย์,76.50 บาท
187,การิน ปริศนาคดีอาถรรพ์ คดีที่ 9 บทแรก : สาปลัทธิโลกาวินาศ (Mg),อัยย์,76.50 บาท
188,การิน ปริศนาคดีอาถรรพ์ คดี 9 บทจบ : สาปลัทธิโลกาวินาศ (Mg),อัยย์,76.50 บาท
189,โซเชียลพิพากษา คดีที่ 3 ปฐมบทสาปแช่งตาย (LN),Staying,215.10 บาท
190,สิงสู่,วิศิษฏ์ ศาสนเที่ยง,198.00 บาท
191,ดาราจันทร์,นายหมอก,161.10 บาท
192,แดนเดรัจฉาน,ธุวัฒธรรพ์,157.50 บาท
193,สาปมุสา,มายาโรส,180.00 บาท
194,The Cult of Monte Cristo,นพพันธ์ บุญใหญ่,220.50 บาท
195,ถึง-ที่-ตาย,รวมนักเขียน Sofa Publishing,197.10 บาท
196,อาญามัจฉา,พลอยฝน,161.10 บาท
197,ฆาตพิศวาส,ฌาปนินทร์,161.10 บาท
198,เมรัยอเวจี,RabbitRose,157.50 บาท
199,สาปพราย,กวิตา,166.50 บาท
200,ยักษิณีนฤมิต,อาพัชรินทร์,197.10 บาท
201,มิจฉามรณะ,ทวิวัฒน์,170.10 บาท
202,ปรารถนาปาหนัน,ภาคินัย,202.50 บาท
203,พรายระยับ,นาวิกา,387.00 บาท
204,โซเชียลพิพากษา เล่ม 2 (LN),Staying,215.10 บาท
205,เปนชู้กับผี,วิศิษฏ์ ศาสนเที่ยง,153.00 บาท
206,ลิงพาดกลอน,ปราปต์,310.50 บาท
207,รอยอาศิรพิษ,ปราปต์,197.10 บาท
208,สางเมืองโสน,สุริยาทิศ,161.10 บาท
209,นิทานเวตาล,กรมหมื่นพิทยาลงกรณ์,202.50 บาท
210,เล่าเรื่องสามก๊ก ฉบับคนรุ่นใหม่,เปี่ยมศักดิ์ คุณากรประทีป,349.20 บาท
211,พระคัมภีร์จินดามณี พระโหราธิบดี,ฉันทิชย์ กระแสสินธุ์,148.50 บาท
212,โซเชียลพิพากษา WITCH HUNT NOVEL 1 : แกล้ง (LN),Staying,215.10 บาท
213,เลื่อมลวง,พงศกร,342.00 บาท
214,อารักษ์ลวง,ปองวุฒิ,252.00 บาท
215,สรวงสิเนรุ,อาพัชรินทร์,161.10 บาท
216,วงกตนรกานต์,ปราปต์,175.50 บาท
217,กระหัง ผีมหานคร,ทวิวัฒน์,157.50 บาท
218,เปรต ผีมหานคร,ปราปต์,166.50 บาท
219,เรือนบาปวิญญาณแค้น,ฌาปนินทร์,161.10 บาท
220,ห้วงพยาบาท (นวนิยายชุด โหงอาฆาต),สุริยาทิศ,161.10 บาท
221,ลาตายสวัสดิ์ Goodnight Butterfly,ภาคินัย,157.50 บาท
222,กฤชกันแสง,ธุวัฒธรรพ์,157.50 บาท
223,กระสือ ผีมหานคร,RabbitRose,157.50 บาท
224,ปอบ ผีมหานคร,ธุวัฒธรรพ์,152.10 บาท
225,ลำนำอเวจี (นวนิยายชุดโหงอาฆาต),มายาโรส,197.10 บาท
226,สังข์ทอง,รื่นฤทัย สัจจพันธุ์,108.00 บาท
227,สาวน้อยเกวลิน ตอน อิทธิฤทธิ์ออนไลน์,อลินา,117.00 บาท
228,การิน ปริศนาคดีอาถรรพ์ คดีที่ 1 บทแรก : คืนลอยกระทงสีเลือด (การ์ตูน),อัยย์,58.50 บาท
229,เสี่ยวนักสืบ 1 พุ่มรัก พานสิงห์ ฆาตกรรมกลางทะเล,วินทร์ เลียววาริณ,193.50 บาท
230,นิราศมหรรณพ,ปราปต์,238.50 บาท
231,คดีสามเงา,วินทร์ เลียววาริณ,229.50 บาท
232,แม่มดส์ Witches,ปนาพันธ์,306.00 บาท
233,สาปสัจจา Words (Sense of death),เดือนสิงห์,161.10 บาท
234,การินการ์ตูน25(คดี 10) บทกลาง ต.ตุงหนังม,อัยย์,58.50 บาท
235,Horror Dream ฝันสยองห้องเรียนร้าง,ชวลักษณ์,116.10 บาท
236,ร่ม-เย็น-เป็น-ศพ,ภาคินัย,197.10 บาท
237,อวสานสายลับ,วสิษฐ เดชกุญชร (Vasit Dejkunjorn),585.00 บาท
238,ปางอสูร (สาปคุณไสย),นายหมอก,152.10 บาท
239,Garin Fanbook (Black) 2,รวมนักเขียน,170.10 บาท
240,สาปสัจจา Words (Sense of death),เดือนสิงห์,161.10 บาท
241,การิน ปริศนาคดีอาถรรพ์ คดีที่ 14 บทแรก ฆาตกรรมสาปโซเชียล,อัยย์,67.50 บาท
242,ใครว่าผมเป็นหมอผี,สุธี ปิงสุทธิวงศ์,121.50 บาท
243,นางแค้น ฉบับการ์ตูน (4ทิศตาย),ภาคินัย,125.10 บาท
244,นิทานจีน,ส.พลายน้อย,135.00 บาท
245,การิน คดี 1 บทจบ คืนลอยกระทงฯ (C/P),อัยย์,67.50 บาท
246,Dreamland สวนสนุกแดนนรก,ภาคินัย,116.10 บาท
247,เรือนรักตำหนักแค้น (สาปคุณไสย),สุริยาทิศ,170.10 บาท
248,เล่าเรื่องขุนช้างขุนแผน,รื่นฤทัย สัจจพันธุ์,252.00 บาท
249,อพาร์ตเมนต์,วิสิทธิ์ โพ,243.00 บาท
250,ขุนช้าง ขุนแผน (ฉ.ชำระใหม่),สุนทรภู่,621.00 บาท
251,การิน BlaCX ปริศนาอาถรรพ์ 'สีดำ',อัยย์/Black Tohfu,152.10 บาท
252,Time หมุนเวลาตาย (DEATH TIME),ภาคินัย,229.50 บาท
253,พญาตานี,เตมัน,152.10 บาท
254,เสน่ห์นาง,อาริตา,378.00 บาท
255,Box set ผู้ชนะสิบทิศ (1-4),ยาขอบ,900.00 บาท
256,การิน ปริศนาคดีอาถรรพ์ ภาค 2 ล.1 ควันเผาผี,อัยย์,170.10 บาท
257,การินการ์ตูน28(คดี 11) บทกลาง ต.โทษประหา,อัยย์,58.50 บาท
258,การิน คดี 1 บทแรก คืนลอยกระทงฯ (C/P),อัยย์,67.50 บาท
259,ตรวนตะเคียน,เดือนสิงห์,161.10 บาท
260,การิน Garin Fanbook (Bight) 1,รวมนักเขียน,170.10 บาท
261,วังนางโหง,เตมัน,161.10 บาท
262,ปัญจอาถรรพ์ : ลิขิตเอื้องนาง,ปริชญา,166.50 บาท
263,ปัญจอาถรรพ์ : เงาอาถรรพ์,พลอยฝน,161.10 บาท
264,นางครวญ ฉบับการ์ตูน (4ทิศตาย),ภาคินัย,125.10 บาท
265,นางคุก ฉบับการ์ตูน (4ทิศตาย),ภาคินัย,125.10 บาท
266,TOUCH ต่อตัดสัมผัสผวา,ภาคินัย,197.10 บาท
267,เบญจมรณา : บ่วงสไบ,ภาคินัย,197.10 บาท
268,ประกาศิตเจ้าพ่อ คนตายพูดไม่ได้,สมเกียรติ พ่วงทรัพย์,198.00 บาท
269,ปัญจอาถรรพ์ : วังอสุรา,มายาโรส,175.50 บาท
270,ปัญจอาถรรพ์ : บาปบรรพกาล,RabbitRose,166.50 บาท
271,บ้านเช่า เข้า-อยู่-ตาย Haunt for Rent,ปองวุฒิ,157.50 บาท
272,นางคอย ฉบับการ์ตูน (4ทิศตาย),ภาคินัย,125.10 บาท
273,7 วันจองเวร : Wednesday ตอนตีตั๋วไปตาย,ภาคินัย,166.50 บาท
274,ตีสามสามสิบ,รวมนักเขียน,206.10 บาท
275,Last Resort เรือนตาย,เดือนสิงห์,161.10 บาท
276,Jewels of the dead : มารมรกต Emerald,เตมัน,161.10 บาท
277,Jewels of the dead : มุกมรณะ Pearl,อาพัชรินทร์,161.10 บาท
278,เบญจมรณา : สาปสังคีต,เจนศิลป์,161.10 บาท
279,Scare โสตสาปสยอง (Forward die),อาพัชรินทร์,161.10 บาท
280,ลิลิตเมืองมาร,มายาโรส,197.10 บาท
281,กลับชาติมาตาย,รวมนักเขียน,215.10 บาท
282,Bound เรือนซากวิญญาณ,อัณณ์ คณัสนันท์,157.50 บาท
283,นางครวญ (4 ทิศตาย),ภาคินัย,197.10 บาท
284,Jewels of the dead : เพชรพยาบาท Diamond,ปองวุฒิ,157.50 บาท
285,Jewels of the dead : ทัณฑ์ทับทิม Ruby,เจนศิลป์,161.10 บาท
286,นางคอย (4 ทิศตาย),ภาคินัย,202.50 บาท
287,The Village วิมานอาถรรพ์ (สุสานขังศพ),ปองวุฒิ,157.50 บาท
288,เมืองแม่,นราวดี,441.00 บาท
289,การิน ปริศนาคดีอาถรรพ์ Movie Diary ตอนปฐมนิเทศแห่งความตาย,รวมนักเขียน,305.10 บาท
290,Ghost Shop ร้านโชว์เฮี้ยน,ปราปต์,161.10 บาท
291,ผาโหงพราย,จินตวีร์ วิวัธน์(จินตนา ปิ่นเฉลียว),351.00 บาท
292,เคหาสน์สาปสยอง,ภาคินัย,202.50 บาท
293,พอร์ซเลน...ตุ๊กตาอาฆาต,ภาคินัย,180.00 บาท
294,การินการ์ตูน27(คดี 11) บทแรก ต.โทษประหาร,อัยย์,58.50 บาท
295,7 วันจองเวร : Saturday ตอนศพ-เซ่น-ศาล,ภาคินัย,166.50 บาท
296,ลิฟต์ซ่อนศพ,ภาคินัย,197.10 บาท
297,การินการ์ตูน26(คดี 10) บทจบ ต.ตุงหนังมนุ,อัยย์,58.50 บาท
298,การินการ์ตูน29(คดี 11) บทจบ Limited Edit,อัยย์,89.10 บาท
299,ผู้หญิงอยุธยา,บินหลา สันกาลาคีรี,279.00 บาท
300,พรายน้ำวน,อาริตา,324.00 บาท
301,สาวน้อยเกวลิน ตอน ดับฝัน,อลินา,108.00 บาท
302,นางชฎา ฉ.พิเศษ (เพิ่มตอน),ภาคินัย,197.10 บาท
303,7 วันจองเวร : Tuesday ตอนอาถรรพ์เรือนลั่นทม,ภาคินัย,166.50 บาท
304,DIET ขนมผสมศพ,ภาคินัย,175.50 บาท
305,CAGE หอสังหาร,ภาคินัย,197.10 บาท
306,KILL ร่วมห้องต้องฆ่า,ภาคินัย,202.50 บาท
307,The Shoes รองเท้าอาถรรพ์,ภาคินัย,161.10 บาท
308,Museum พิพิธภัณฑ์ หุ่น-หั่น-หัว,ภาคินัย,202.50 บาท
309,SLEEP หลับ-เป็น-ตาย,ภาคินัย,197.10 บาท
310,Home sweet Hell เคหาพยาบาท (Bad Fortune),เตมัน,175.50 บาท
311,เกาะปีศาจ,ทอม สิริ,224.10 บาท
312,นางชฎา ฉ.การ์ตูน,ภาคินัย,116.10 บาท
313,Psycho สืบลับสัมผัสสยอง,กวิตา,161.10 บาท
314,โคลงฆาต,เตมัน,197.10 บาท
315,ผีหัวเราะ,สรจักร ศิริบริรักษ์,135.00 บาท
316,เบญจมรณา : ป้อมปางบรรพ์,เดือนสิงห์,161.10 บาท
317,7 วันจองเวร : Thursday ตอน 12 ขั้น...บันไดผี,ภาคินัย,171.00 บาท
318,หุบผาเจ้านาง,มายาโรส,180.00 บาท
319,ปัญจอาถรรพ์ : ลางมรรคา,ปองวุฒิ,161.10 บาท
320,Cursed 1 คำสาปหลอนห้องเรียนมรณะ,เมธวิน,161.10 บาท
321,เบญจมรณา : สิเน่หารอยคำ,อาพัชรินทร์,166.50 บาท
322,ปัญจอาถรรพ์ : ลางมรรคา,ปองวุฒิ,161.10 บาท
323,มิติที่สาม,ตรี อภิรุม,535.50 บาท
324,Ticket ตีตั๋วตายโหง (Forward die),ภาคินัย,161.10 บาท
325,Lost Land เกาะที่ถูกลืม (DEATH TIME),ภาคินัย,243.00 บาท
326,Grave บ้านพญาสัตบรรณ,ภาคินัย,175.50 บาท
327,Dream นิมิตอาฆาต,ปองวุฒิ,157.50 บาท
328,The Pen ปากกาคนตาย(ชุดWrite to kill),ก้าวไกล,152.10 บาท
329,นางคุก (4 ทิศตาย),ภาคินัย,215.10 บาท
330,Lullaby ตุ๊กตากล่อมวิญญาณ,มายาโรส,180.00 บาท
331,Reborn วิมานเมรุ,เตมัน,166.50 บาท
332,Bloody Honeymoon : Eternal เมืองอมนุษย์,RabbitRose,157.50 บาท
333,Quiz โจทย์มรณะ,Dr. Warm,112.50 บาท
334,Wedding น้ำสังข์อาบศพ,ภาคินัย,197.10 บาท
335,ปีศาจ,เสนีย์ เสาวพงศ์,297.00 บาท
336,ภควัทคีตา คำสอนของพระกฤษณะ,วิโรจน์ ถิรคุณ,108.00 บาท
337,ลี้-ลับ-หลอน,ภาคินัย / อาพัชรินทร์ / พลอยฝน / กวิตา,206.10 บาท
338,รีสอร์ตผีเพี้ยน Ghost Resort,RabbitRose,161.10 บาท
339,Ghost Cafe กาแฟกลิ่นวิญญาณ (Ghost Marketing),ปริชญา,170.10 บาท
340,ชิงผีเกิด,รวมนักเขียน,206.10 บาท
341,HUNDRED YEARS ฆาตกาล,ภาคินัย,224.10 บาท
342,โรงมหรศพ,ภาคินัย,180.00 บาท
343,สืบรัก สะกดรอยรัก,ฟีลิปดา,314.10 บาท
344,สนุกอ่าน ประวัติศาสตร์สุโขทัย,อพิสิทธิ์ ธีระจารุวรรณ,157.50 บาท
345,การิน ปริศนาคดีอาถรรพ์ คดีที่ 8 บทจบ : ผู้ตามล่าวิถีมรณะ (การ์ตูน),อัยย์,58.50 บาท
346,พญานาค,นฤชา เหมือนใจงาม,238.50 บาท
347,ความรุ่งเรืองของเงินตรา,Niall Ferguson,306.00 บาท
348,เสียงร่ำไห้กลางสายฝน,หยูหัว,229.50 บาท
349,ปีศาจเดือนสิบ,นายหมอก,152.10 บาท
350,Figure ของเล่นเซ่นวิญญาณ,ทวิวัฒน์,157.50 บาท
351,Scary house ล่า-เล่า-เผา-ผี,ชวลักษณ์,161.10 บาท
352,กรงอำพราง,ชลนิล,252.00 บาท
353,คู่ฆ่าล่าลวง,Jeong Hae-youn,152.10 บาท
354,สาปเพชฌฆาต,นายหมอก,157.50 บาท
355,My Mysterious School : โรงเรียนนี้ที่ฉันตาย,ปลายฝน,198.00 บาท
356,หมออำมหิตจากนรก,นพดล เวชสวัสดิ์,216.00 บาท
357,Boxset นวนิยายชุด 4 ทิศตาย,ภาคินัย,899.10 บาท
358,หลุยส์ เลตเทรย์ เล่ม ๑ สมุดบันทึกความทรงจำโลก,พี.ซี.,252.00 บาท
359,โดมิโน,เรืองเดช จันทรคีรี,270.00 บาท
360,การิน ปริศนาคดีอาถรรพ์ คดีที่ 5 บทกลาง : สะพานข้ามอัสดงแห่งความตาย (การ์ตูน),อัยย์,58.50 บาท
361,ชมรมคนมีสัมผัสพิเศษ ตอน ทำเพื่อรัก,อลินา,135.00 บาท
362,นักสืบหลังเลนส์ (นานมีบุ๊คส์อะวอร์ด),คีตาญชลี แสงสังข์,121.50 บาท
363,นักฆ่าบ้ากาม,สรจักร ศิริบริรักษ์,135.00 บาท
364,Zero ห้องกระชากวิญญาณ(ชุดสิบศพ),อนาวิน,121.50 บาท
365,Crime บาปพยาบาท,พลอยฝน,157.50 บาท
366,Visage ศพซ่อนหน้า (Bad Fortune),เจนศิลป์,157.50 บาท
367,Evil Twin ลอกสังหาร (The Myst),ปองวุฒิ,175.50 บาท
368,ราชาธิราช,เจ้าพระยาพระคลัง(หน),270.00 บาท
369,กาหลมหรทึก,ปราปต์,157.50 บาท
370,Rain Valentine ปริศนาแห่งสายฝน,Pinceau & Nuffy,134.10 บาท
371,ภารกิจปริศนา (นานมีบุ๊คส์อะวอร์ด),ชูชาติ ทรัพย์นิธิ,121.50 บาท
372,เงาอำพราง (นานมีบุ๊คส์อะวอร์ด),Snake Russell (สเน็ค รัสเซล),103.50 บาท
373,Serial Killer พลิกแผนฆ่า(ชุดสิบศพ),ปองวุฒิ,121.50 บาท
374,จิตจักรพรรดิ ตอนลายเซ็นจักรพรรดิ,ดังตฤณ,89.10 บาท
375,ตำนานอาถรรพ์ไอยคุปต์ ตอนราชันพันธุ์อสูร 1,ภัทราพร,224.10 บาท
376,ศิลปฆาตกรรม 2,wadoiji,166.50 บาท
377,ตุ๊กตาร้อยศรัทธา,อัยย์,161.10 บาท
378,กาหลมหรทึก (ปกใหม่),ปราปต์,157.50 บาท
379,เวิ้งนางครวญ,พินธุนาถ,252.00 บาท
380,เพื่อนตาย Dead Friends Forever,รวมนักเขียน,161.10 บาท
381,วัน - ชื่น - คืน - ศพ (HOME),ภาคินัย,180.00 บาท
382,คนไททิ้งแผ่นดิน,สัญญา ผลประสิทธิ์,315.00 บาท
383,Boxset นวนิยายชุด 7 วันจองเวร,ภาคินัย,"1,251.00 บาท"
384,The Writer อักษรสีเลือด(ชุดWrite to kill,RabbitRose,157.50 บาท
385,Midnight Opera สุสานผีเสื้อ (Bad Fortune,มายาโรส,197.10 บาท
386,สาวน้อยเกวลิน ตอน ความลับ,อลินา,108.00 บาท
387,แม่นาค,สุจิตต์ วงษ์เทศ,193.50 บาท
388,นาคี ๒,ตรี อภิรุม,225.00 บาท
389,สาวน้อยเกวลิน ตอน บักสีดา,อลินา,108.00 บาท
390,ชมรมคนมีสัมผัสพิเศษ ตอน อยากได้ ใคร่มี,อลินา,162.00 บาท
391,สาวน้อยเกวลิน ตอน ฆาตกรรมในแฟลต,อลินา,108.00 บาท
392,Neighbor บ้านข้างโลงเคียง (ชุด สิบศพ),ภาคินัย,121.50 บาท
393,Carnival of love เกมรักราตรีเลือด ฉ.การ์,เซวิลล์,125.10 บาท
394,Box set FIVE FEAR(ภาคินัย 5 เรื่อง),ภาคินัย,969.30 บาท
395,การิน ปริศนาคดีอาถรรพ์ ล.1 พิธีเปลี่ยนชีพ,อัยย์,152.10 บาท
396,การิน ปริศนาคดีอาถรรพ์ ล.4 ความลับของกระจกเงา,อัยย์,152.10 บาท
397,การิน ปริศนาคดีอาถรรพ์ ล.3 เกมเชื่อมความตาย ออนไลน์มรณะ,อัยย์,152.10 บาท
398,ความทรงจำในซากดอกไม้,อัยย์,152.10 บาท
399,การิน ปริศนาคดีอาถรรพ์ ล.7 สุขสันต์วันถึงฆาต,อัยย์,170.10 บาท
400,The Script อาถรรพ์ต้นฉบับผี(ชุดWrite to,ตรีมรณา,157.50 บาท
401,การิน ปริศนาคดีอาถรรพ์ ภาค 2 ตอนที่ 8 สาปเจตภูต,อัยย์,188.10 บาท
402,Dangerous Plan แผนร้าย,ทะเลเดือด,126.00 บาท
403,การิน ปริศนาคดีอาถรรพ์ ล.8 บันทึกเขียนกรรม,อัยย์,170.10 บาท
404,Vision เนตรมรณา (Sense of death),เตมัน,175.50 บาท
405,ตายโหง Gory Death,รวมนักเขียน,157.50 บาท
406,Symbol หัวแกะมรณะ,ก้าวไกล,152.10 บาท
407,Whisper สืบสดับวิญญาณ (Sense of death),เดือนสิงห์,161.10 บาท
408,The Scene ฉากมรณะ(ชุดสิบศพ),เจนศิลป์,121.50 บาท
409,Beauty สวยเหมือนศพ(ชุดสิบศพ),ปริชญา,116.10 บาท
410,หลอน ฉบับกระเป๋า,กันทร กิติภูมิ,180.00 บาท
411,นางชฎา,ภาคินัย,148.50 บาท
412,การิน ปริศนาคดีอาถรรพ์ คดีที่ 0 บทสูญ (การ์ตูน),อัยย์,58.50 บาท
413,Terminus โกศแห่งกรรม (ชุด สิบศพ),เตมัน,116.10 บาท
414,Fallen angel เคหาสน์เทวทูต (ชุด สิบศพ),มายาโรส,125.10 บาท
415,Taxi รถส่งตาย (ชุดสิบศพ),ก้าวไกล,112.50 บาท
416,HELLo คำทักตาย (ชุด สิบศพ),RabbitRose,116.10 บาท
417,Envy หลอนริษยา (ชุด สิบศพ),เดือนสิงห์,121.50 บาท
418,Alphabet อักษรปีศาจ (Bad Fortune),ปองวุฒิ,157.50 บาท
419,พระพรแห่งความเจ็บปวด,อัยย์,161.10 บาท
420,Poet อักษรซ่อนตาย,เจนศิลป์,161.10 บาท
421,Jewels of the dead : พรายอำพัน Amber,เดือนสิงห์,166.50 บาท
422,Shadow ปริศนาซ่อนเงา,อาพัชรินทร์,157.50 บาท
423,อย่าหลุดว่าฆ่า,ฮิงาชิโนะ เคโงะ (Keigo Higashino),175.50 บาท
424,การิน ปริศนาคดีอาถรรพ์ คดีที่ 2 บทแรก : ขบวนแห่ภูต ป่าอาถรรพ์ (การ์ตูน),อัยย์,58.50 บาท
425,การิน ปริศนาคดีอาถรรพ์ คดีที่ 9 บทกลาง : สาปลัทธิฯ (การ์ตูน),อัยย์,58.50 บาท
426,บ่วงเชือก (นานมีบุ๊คส์อะวอร์ด),จัตวาลักษณ์,121.50 บาท
427,Ghost Theory ทฤษฎีขังวิญญาณ (The Myst),ปองวุฒิ,161.10 บาท
428,การิน ปริศนาคดีอาถรรพ์ คดีที่ 9 บทแรก : สาปลัทธิฯ (การ์ตูน),อัยย์,58.50 บาท
429,พรายกุมาร (สาปคุณไสย),RabbitRose,157.50 บาท
430,หอมกลิ่นวิญญาณ Smell  (Sense of death),เตมัน,161.10 บาท
431,โอสถรสเลือด,พลอยฝน,157.50 บาท
432,อยู่ - ดี - มี - ศพ (HOME),ภาคินัย,180.00 บาท
433,มหานครแห่งความตาย (Bangkok of The Death),เคียงพิณ,216.00 บาท
434,ชมรมคนมีสัมผัสพิเศษ ตอน หลงใหลใฝ่ฝัน,อลินา,117.00 บาท
435,การินการ์ตูน23(คดี 9) บทจบ ต.สาปลัทธิโลก,อัยย์,58.50 บาท
436,การิน ปริศนาคดีอาถรรพ์ คดีที่ 8 บทแรก : ผู้ตามล่าวิถีมรณะ (การ์ตูน),อัยย์,58.50 บาท
437,Mystery Spot วงกตฆาตกรรม,ปองวุฒิ,161.10 บาท
438,การิน ปริศนาคดีอาถรรพ์ ภาคหัวใจสีดำ ตอนที่ 1 พิธีเปลี่ยนชีพ,อัยย์,206.10 บาท
439,พันธุ์โหดโคตรอันตราย (Psychopath),ยาพิตร,162.00 บาท
440,รักแท้เหนือกาลเวลา: รอยรักเรือนแรม,ภาคินัย,229.50 บาท
441,The Paint จิต(ฆาต)กร,RabbitRose,152.10 บาท
442,Surgery ผ่าพยาบาท,ริญญา ทวีสกุล,152.10 บาท
443,Bloody Honeymoon : Promise พรายนครา,มายาโรส,197.10 บาท
444,Deal สัญญาหลอนซ่อนมรณะ,ปองวุฒิ,161.10 บาท
445,Justice พิพากษามรณะ,ปริชญา,152.10 บาท
446,Fate เวรกรรม,รวมนักเขียน,152.10 บาท
447,Bloody Honeymoon : Wish ฆาตอธิษฐาน,ปริชญา,157.50 บาท
448,การิน ปริศนาคดีอาถรรพ์ คดีที่ 0 บทสูญ (SUMMARY DF ZERO),อัยย์,89.10 บาท
449,การิน ปริศนาคดีอาถรรพ์ คดีที่ 6 บทจบ กวีวิฬาร์อาฆาต,อัยย์,67.50 บาท
450,การิน ปริศนาคดีอาถรรพ์ คดีที่ 13 บทจบ หลอนคฤหาสน์หุ่นพยนต์,อัยย์,67.50 บาท
451,การิน ปริศนาคดีอาถรรพ์ คดีที่ 6 บทแรก กวีวิฬาร์อาฆาต,อัยย์,67.50 บาท
452,ชุดผู้ชนะสิบทิศ (4เล่ม),ยาขอบ,720.00 บาท
453,มายาพิศวาส,จินตวีร์ วิวัธน์(จินตนา ปิ่นเฉลียว),441.00 บาท
454,พลิกรหัสสั่งตาย,Robert J.Grimmes,108.00 บาท
455,ฆาตกรรมกลางทะเล,วินทร์ เลียววาริณ,144.00 บาท
456,คดีเจ็ดแพะ,วินทร์ เลียววาริณ,175.50 บาท
457,คดีผีนางตะเคียน,วินทร์ เลียววาริณ,153.00 บาท
458,หอพักวิญญาณเฮี้ยน,ทวิวัฒน์,157.50 บาท
459,การิน ปริศนาคดีอาถรรพ์ คดีที่ 6 บทจบ : กวีวิฬาร์อาฆาต (การ์ตูน),อัยย์,58.50 บาท
460,การิน ปริศนาคดีอาถรรพ์ คดีที่ 7 บทกลาง : บายศรีสังหาร (การ์ตูน),อัยย์,58.50 บาท
461,การิน ปริศนาคดีอาถรรพ์ คดีที่ 7 บทแรก : บายศรีสังหาร (การ์ตูน),อัยย์,58.50 บาท
462,การิน คดีที่ 13 บทกลาง ตอน คฤหาสน์หุ่นพยนต์,อัยย์,67.50 บาท
463,สาวน้อยเกวลิน 4 ตอนบักสีดา,อลินา,116.10 บาท
464,ร้านหลอนออนไลน์ 3 ตอนปฏิมากรรม,ข้าเจ้า,130.50 บาท
465,พลิกแฟ้ม ผีชีวะ,Thai Gamer Networks,179.10 บาท
466,Karma ตัดกรรมต่อตาย,ปองวุฒิ,166.50 บาท
467,เพชฌฆาตคนสุดท้าย,เชาวเรศน์ จารุบุณย์,112.50 บาท
468,THE LAST SUPPER PART 1 ทฤษฏีลับ อาหารมื้อสุดท้าย,Complicated,225.00 บาท
469,รักแท้เหนือกาลเวลา: ร่มรักเรือนใจ,อาพัชรินทร์,166.50 บาท
470,จงเป็นศพเป็นศพเถิด : รอยอาฆาต,เจนศิลป์,211.50 บาท
471,จงเป็นศพเป็นศพเถิด : รักสลักตาย,เดือนสิงห์,166.50 บาท
472,จงเป็นศพเป็นศพเถิด : เล่ห์ลายเลือด,เตมัน,175.50 บาท
473,จิตจักรพรรดิ ตอนโลกาวินาศ,ดังตฤณ,89.10 บาท
474,สางนางพราย,พลอยฝน,175.50 บาท
475,มั่ง มี ศรี ศพ,ภาคินัย,180.00 บาท
476,SECRET โรงเรียนซ่อนผี,RabbitRose,157.50 บาท
477,ทศฆาต,รวมนักเขียน,229.50 บาท
478,เพลิงผีฟ้า,อาพัชรินทร์,157.50 บาท
479,SUICIDE โรงเรียนกินศพ,RabbitRose,157.50 บาท
480,SUICIDE โรงเรียนกินศพ,RabbitRose,157.50 บาท
481,สถานีผีสิง,พิมพ์พะยอม,166.50 บาท
482,Freshy รุ่นน้อง,วิศิษฏ์ ศาสนเที่ยง,216.00 บาท
483,การิน BlaCX เล่ม 6 ปริศนาอาถรรพ์ สีดำ,อัยย์,152.10 บาท
484,บ่วงพยากรณ์,ฌายา,247.50 บาท
485,คฤหาสน์ดำ,จินตวีร์ วิวัธน์(จินตนา ปิ่นเฉลียว),351.00 บาท
486,การิน คดีที่ 13 บทแรก หลอนคฤหาสน์หุ่นพยนต์,อัยย์,67.50 บาท
487,นาคี,ตรี อภิรุม,445.50 บาท
488,Freshy ปีหนึ่งท้าวิญญาณ,ตรีนัยน์,152.10 บาท
489,Friendship ผีร่วมรุ่น (DIE YOUNG),กวิตา,152.10 บาท
490,Always เรือนร่มงิ้ว,ภาคินัย,251.10 บาท
491,การิน คดีที่ 5 บทกลาง สะพานข้ามอัสดงแห่งความตาย,อัยย์,67.50 บาท
492,การิน ปริศนาคดีอาถรรพ์ คดีที่ 5 บทจบ สะพานข้ามอัสดงแห่งความตาย,อัยย์,67.50 บาท
493,การิน คดีที่ 5 บทแรก สะพานข้ามอัสดงแห่งความตาย,อัยย์,67.50 บาท
494,ผีหลอก,สรจักร ศิริบริรักษ์,162.00 บาท
495,การิน ภาค 2 ล.7 ตะปูตอกโลงผี,อัยย์,197.10 บาท
496,ทัณฑ์ ฆาตกรรมอำมหิต,วรเทพ จำรูญนุรักษ์,135.00 บาท
497,การิน ปริศนาคดีอาถรรพ์ คดีที่ 7 บทจบ : บายศรีสังหาร (การ์ตูน),อัยย์,58.50 บาท
498,Alice's Apple เกม ลวง ตาย 1,ฟารา,179.10 บาท
499,คำสารภาพของฆาตกร (The Diary),แว่นฟ้า,126.00 บาท
500,ภวังค์,จินตวีร์ วิวัธน์(จินตนา ปิ่นเฉลียว),355.50 บาท
501,การิน ปริศนาคดีอาถรรพ์ คดีที่4 บทแรก พิพิธภัณฑ์คนบาป,อัยย์,67.50 บาท
502,การิน ปริศนาคดีอาถรรพ์ คดี 4 บทจบ พิพิธภัณฑ์คนบาป,อัยย์,67.50 บาท
503,การิน ปริศนาคดีอาถรรพ์ คดีที่ 4 บทกลาง พิพิธภัณฑ์คนบาป,อัยย์,67.50 บาท
504,13 หลอน ฆ่า อาฆาต,รวมนักเขียน,215.10 บาท
505,อาถรรพ์ลูกเทพ,รวมนักเขียน,143.10 บาท
506,ฆาตกรรมจักรราศี (ปกใหม่),วินทร์ เลียววาริณ,229.50 บาท
507,ปริศนามาเลศ คดีที่ 6 ตอน ประภาคารอาถรรพณ์,พงศกร,189.00 บาท
508,ปริศนามาเลศ คดีที่ 5 ตอน คีตสังหาร,พงศกร,189.00 บาท
509,ปริศนามาเลศ คดีที่4  ตอน ปมไหมมรณะ,พงศกร,162.00 บาท
510,ปริศนามาเลศ 3 ตอน เคหาสน์เชือดใจ,พงศกร,207.00 บาท
511,ปริศนามาเลศ คดีที่ 2 ตอน มาลีสีเลือด,พงศกร,198.00 บาท
512,ปริศนามาเลศ คดีที่ 1 ตอน ทะเลราตรี,พงศกร,180.00 บาท
513,Social die : Seven Sins ภวังค์หลอน,ปริชญา,180.00 บาท
514,Social die : PHUB ถวิล,ภาคินัย,211.50 บาท
515,Dead Line โกหกต้องตาย,RabbitRose,161.10 บาท
516,Social die : Tweet Trace ภาพลวงตาย,ธุวัฒธรรพ์,157.50 บาท
517,Garin x Cuardian ภาค: อสูร x ผู้พิทักษ์ x อาถรรพ์,รวมนักเขียน Punica,305.10 บาท
518,การิน คดี 12 บทจบ สาปนาฏกรรมฯ,อัยย์,67.50 บาท
519,แทบหัตถ์เทวี,จินตวีร์ วิวัธน์(จินตนา ปิ่นเฉลียว),108.00 บาท
520,สาบนรสิงห์ 1-2 (2 เล่มจบ),จินตวีร์ วิวัธน์(จินตนา ปิ่นเฉลียว),621.00 บาท
521,Lottery สลากกินแบ่งวิญญาณ,ก้าวไกล,157.50 บาท
522,การิน คดี 3 บทจบ เกมลองของฯ (C/P),อัยย์,67.50 บาท
523,การิน คดี 3 บทแรก เกมลองของฯ (C/P),อัยย์,67.50 บาท
524,ดำรงประเทศ,เวทางค์,171.00 บาท
525,การิน คดี 0.2 บทพิเศษ คำสัญญา (C/P),อัยย์,89.10 บาท
526,ชุด Box Set ขุนศึก ฉบับสมบูรณ์,ไม้ เมืองเดิม,"1,525.50 บาท"
527,จิตจักรพรรดิ ตอนมาเฟียพลังจิต,ดังตฤณ,89.10 บาท
528,Crying Melody ดวงตารัตติกาล,อาพัชรินทร์,166.50 บาท
529,พรายปีศาจ,มิรายญิ์,133.00 บาท
530,สัตวนิยาย,ส.พลายน้อย,234.00 บาท
531,เกมล่าชีวิต,ซูซานน์ คอลลินส์,220.50 บาท
532,ไอ้เก้านิ้ว พิศวาสฆาตกรรมอำพราง,สมเกียรติ พ่วงทรัพย์,139.50 บาท
533,นอนไม่หลับ,กองบรรณาธิการ,89.10 บาท
534,6 ลวงหลอน,ซาตานผูกเนกไทด์,89.10 บาท
535,ผู้ชนะสิบทิศ (ฉบับอ่านเอาเรื่อง),ช่วย เพิ่มพูน,342.00 บาท
536,สวรรค์ปิด,ฉัตรนคร องคสิงห์,171.00 บาท
537,กงล้อแห่งโชคชะตา ปี 1 ตอนคดีฆาตกรรม 12 นักษัตร,กุสุมาลย์,90.00 บาท
538,The History รหัสมนุษย์ เปิดปมปริศนา,PT.Naked killer,188.10 บาท
539,แจ๊ค เดอะ ริปเป้อร์:ต้นแบบฆาตกรต่อเนื่อง,กอบกุล,180.00 บาท
540,การิน คดี 2 บทจบ ขบวนแห่ภูตป่าฯ (C/P),อัยย์,67.50 บาท
541,การิน คดี 2 บทแรก ขบวนแห่ภูตป่าฯ (C/P),อัยย์,67.50 บาท
542,7 สยองในโรงเรียน,Snake Russell (สเน็ค รัสเซล),135.00 บาท
543,การิน ปริศนาคดีอาถรรพ์ คดีที่ 4 บทแรก : พิพิธภัณฑ์คนบาป (การ์ตูน),อัยย์,58.50 บาท
544,การิน ปริศนาคดีอาถรรพ์ คดีที่ 5 บทจบ : สะพานข้ามอัสดงแห่งความตาย (การ์ตูน),อัยย์,58.50 บาท
545,เกมล่าแสงจันทร์ ล.1,รวิปรียา,175.50 บาท
546,ชุด Box Set การิน ปริศนาคดีอาถรรพ์ Limited Edition บท...สลักบิดเบือนกรรม + เหรียญ,อัยย์/Black Tohfu,449.10 บาท
547,เกมล่าแสงจันทร์ ล.2,รวิปรียา,175.50 บาท
548,ละครแห่งชีวิต,หม่อมเจ้าอากาศดำเกิง,178.20 บาท
549,Behind the Door ประตูหลอนซ่อนตาย,ชัยยา,121.50 บาท
550,The Revenge คำสัญญาพยาบาท,แสงเหนือ,166.50 บาท
551,Hide and Seek ศพซ่อนหา,พลอยฝน,116.10 บาท
552,House of Death บนบานศาลผี,ร เรือในมหาสมุท,121.50 บาท
553,ใต้ฝาโลง,รวมนักเขียน,157.50 บาท
554,จงเป็นศพเป็นศพเถิด : ดารันดา,ภาคินัย,170.10 บาท
555,Scandal ฆาตกรรมบันเทิง,RoBbErY RiN,157.50 บาท
556,Alive หัวหน้าผมเป็นยมฑูต ต.ตัวตายตัวแทน,ข้าเจ้า,130.50 บาท
557,การิน ภาค 2 ล.6 กริชสะกดวิญญาณ (P),อัยย์,179.10 บาท
558,รักแท้เหนือกาลเวลา: เล่ห์ร้ายรักลวง,RabbitRose,211.50 บาท
559,สาวน้อยเกวลิน 8 ตอน รอยยิ้มพิมพ์ตาย,อลินา,108.00 บาท
560,ชมรมคนมีสัมผัสพิเศษ 3 ต.ยับยั้งชั่งใจ,อลินา,135.00 บาท
561,การิน คดี 12 บทแรก สาปนาฏกรรมฯ (C/P),อัยย์,67.50 บาท
562,การิน BlaCX ปริศนาอาถรรพ์ 'สีดำ' 5,อัยย์/Black Tohfu,152.10 บาท
563,สาปศพนางฟ้า 4 มิตรภาพ ความหวัง ทรยศ (P),กันย์ & Dim-Sum Studio,179.10 บาท
564,กาบแก้ว บัวบาน,ณรงค์ฤทธิ์ ศักดารณรงค์,265.50 บาท
565,เพลงฆาต,ทอม สิริ,224.10 บาท
566,ป่าใหญ่ไพรกว้าง,ชาลี เอี่ยมกระสินธุ์,153.00 บาท
567,บุกป่าชัยบาดาล,ชาลี เอี่ยมกระสินธุ์,144.00 บาท
568,The Evil ปีศาจอำพราง (สุสานขังศพ),ตรีมรณา,166.50 บาท
569,The Crypt หลุมกระชากวิญญาณ (สุสานขังศพ),RabbitRose,157.50 บาท
570,The Vengeance ซากพยาบาท (สุสานขังศพ),ฌาปนินทร์,148.50 บาท
571,ใต้เงาปิรามิด,จินตวีร์ วิวัธน์(จินตนา ปิ่นเฉลียว),171.00 บาท
572,การิน ภาค 2 ล.5 คราสสีเลือด (P),อัยย์,179.10 บาท
573,การินการ์ตูน29(คดี 11) บทจบ ต.โทษประหาร,อัยย์,58.50 บาท
574,อพาร์ตเมนต์ ชั้น 9 ห้องเช่าเขย่าขวัญ,รวมนักเขียน,166.50 บาท
575,ไพรพินาศ (ไพรมืด ภาค 4 จบ),วัธนา บุญยัง,225.00 บาท
576,Alive หัวหน้าผมเป็นยมฑูต 3 ต.ทางเบี่ยงกรรม (จบ),ข้าเจ้า,130.50 บาท
577,The condominium ฆาตกรรม - หลอน,มาริน เมย์,265.50 บาท
578,Dryad ไทรสังหาร,อัณณ์,117.00 บาท
579,ทุ่งโหงพราย,ชาลี เอี่ยมกระสินธุ์,108.00 บาท
580,คัมภีร์ภูต (กรู๊ฟ),จินตวีร์ วิวัธน์(จินตนา ปิ่นเฉลียว),297.00 บาท
581,The Couple คู่สร้าง ข้างศพ,ตรีนัยน์,143.10 บาท
582,ฆาตกรสาวใจอำมหิต,สมเกียรติ พ่วงทรัพย์,198.00 บาท
583,Alive หัวหน้าผมเป็นยมฑูต 2 ต.งานโรงเรียน,ข้าเจ้า,130.50 บาท
584,แจ๊ค เดอะ ริปเป้อร์: ต้นแบบฆาตกรต่อเนื่อง,กอบกุล,171.00 บาท
585,Boxset Teen Horror ช.1,ธุวัฒธรรพ์,453.60 บาท
586,Feud บ้าน (ศพ) เช่า,อัณณ์,117.00 บาท
587,ฆาตกรรมจักรราศี,วินทร์ เลียววาริณ,175.50 บาท
588,ด้านมืด,ทอม สิริ,224.10 บาท
589,มนุษย์ชิ้นส่วน (ภาคต่อ มฤตยูเขียว),จินตวีร์ วิวัธน์(จินตนา ปิ่นเฉลียว),270.00 บาท
590,มฤตยูเขียว,จินตวีร์ วิวัธน์(จินตนา ปิ่นเฉลียว),468.00 บาท
591,Comb ซ้อนรอยสาป,ปริยาธร,157.50 บาท
592,Swear สาปภเวสี (Forward die),ก้าวไกล,157.50 บาท
593,Ballerina ระบำเริงเลือด (Forward die),เจนศิลป์,161.10 บาท
594,6974 ห้องผีสิง,กฤษณา,148.50 บาท
595,พลอยพันแสง,นายา,225.00 บาท
596,เจาะแฟ้มลับผีชีวะ (Resident Evil : Extra Case File),เอกรัฐ แสงวัฒนะชัย,90.00 บาท
597,The school ปีศาจ,เมธาวี,126.00 บาท
598,แฝดทิพย์,วิษุวตา,193.50 บาท
599,Past Life ระลึกฆาต (The Myst),ปองวุฒิ,166.50 บาท
600,Mara มารมรณะ (Forward die),เตมัน,157.50 บาท
601,Curse ซากอมนุษย์ (Forward die),RabbitRose,157.50 บาท
602,Phantom พรายพรางเงา (Forward die),เดือนสิงห์,157.50 บาท
603,สืบ/ค้น/วิญญาณ,โคมรัตติกาล,125.10 บาท
604,Arena ภาคีคร่าวิญญาณ,ไพลินภัทร,116.10 บาท
605,Battlefield รักษาแดนตาย,ธุวัฒธรรพ์,112.50 บาท
606,Camp ค่ายอาฆาต,ZHZG,112.50 บาท
607,314 ห้องนี้ผีเฮี้ยน,หลวงพี่ฟอร์ด,44.10 บาท
608,Vertigo Forest ป่าของใจ ในป่าของโลก (ปกใหม่),เขมวิช ภังคานนท์,170.10 บาท
609,ฆาตกรรมใต้ดวงดาว,Madamme Constant,179.10 บาท
610,ภูตพระจันทร์,จินตวีร์ วิวัธน์(จินตนา ปิ่นเฉลียว),414.00 บาท
611,Mask หน้ากากหนังมนุษย์,เตมัน,180.00 บาท
612,CIPHER X แกะรอยรหัสสังหาร ล.2 ต.ไขบทกวี,Arcurnus,171.00 บาท
613,ร้านหลอนออนไลน์ 5 ตอนโทรมาน,ข้าเจ้า,130.50 บาท
614,Parasite ปรสิตสังหาร ล.2(6เล่มจบ),Half-life,130.50 บาท
615,รักหลอนซ่อนอาฆาต/เงื่อนตายของความเกลียด,รวมนักเขียน,179.10 บาท
616,Sin เกมฆ่าตัดกรรม (Forward die),ปองวุฒิ,161.10 บาท
617,การิน ปริศนาคดีอาถรรพ์ ภาค 2 ล.4 วงกตวิกลจริต,อัยย์,179.10 บาท
618,Clown มายากลเลือด (Forward die),มายาโรส,180.00 บาท
619,บทเพลงร่ายอสูร ล.3 (เล่มจบ),Hayashi Kisara,130.50 บาท
620,ไพรพยัคฆ์ (สมิงไพร ภาค3),ชาลี เอี่ยมกระสินธุ์,243.00 บาท
621,ไพรมัจจุราช(สมิงไพร ภาค2),ชาลี เอี่ยมกระสินธุ์,261.00 บาท
622,ผีอาชีวะ,หลวงพี่ฟอร์ด,44.10 บาท
623,ปริศนาปฐมคัมภีร์,กองบรรณาธิการ,220.50 บาท
624,หอผีดุ,หลวงพี่ฟอร์ด,44.10 บาท
625,รถมือสองสยองขวัญ,หลวงพี่ฟอร์ด,44.10 บาท
626,ร้านหลอนออนไลน์ 1 ตอนมรณะภาพ,ข้าเจ้า,121.50 บาท
627,เพรงมรณะ The Past (มหกรรมความตาย),วีราการ,157.50 บาท
628,จดหมายส่งตาย The Letter (มหกรรมความตาย),กวิตา,161.10 บาท
629,โทรศัพท์สื่อมรณะ,ริญญา ทวีสกุล,161.10 บาท
630,ท่องทวิภพ,สุกัญญา ปัญญาวิศิษฎ์กุล,148.50 บาท
631,การิน BlaCX ปริศนาอาถรรพ์ 'สีดำ' 4,อัยย์/Black Tohfu,152.10 บาท
632,มอญซ่อนศพ,RoBbErY RiN,161.10 บาท
633,รักระทึก,จินตวีร์ วิวัธน์(จินตนา ปิ่นเฉลียว),297.00 บาท
634,อะซุร่า สู่สุขาวดีมรณะ,โฮเซกิ เคนชิโร,225.00 บาท
635,Horror Hours Halloween Project,รวมนักเขียน,161.10 บาท
636,บทเพลงร่ายอสูร ล.1 (3เล่มจบ),Hayashi Kisara,130.50 บาท
637,สิมม่วนซื่น,อู่ทอง ประศาสน์วินิจฉัย,180.00 บาท
638,Garin Kawee In Mystery,Kawee,179.10 บาท
639,นางมาร,เพไนย เพียงศูนย์,180.00 บาท
640,สาวน้อยเกวลิน 7 ตอน ริษยา,อลินา,99.00 บาท
641,คดีศพล่องหน,วินทร์ เลียววาริณ,189.00 บาท
642,ศีรษะมาร เล่ม 1,จินตวีร์ วิวัธน์(จินตนา ปิ่นเฉลียว),261.00 บาท
643,ศีรษะมาร เล่ม 2,จินตวีร์ วิวัธน์(จินตนา ปิ่นเฉลียว),261.00 บาท
644,เสือสมิงจำแลง (ใหม่),ชาลี เอี่ยมกระสินธุ์,126.00 บาท
645,ชุด The Perverse Mist หมอกวิปลาส ต. Alis,J.C.Night Terror,148.50 บาท
646,แท็กซี่มิเตอร์,,157.50 บาท
647,ร้านหลอนออนไลน์ 2 ตอนดัดตุ๊กตา,ข้าเจ้า,139.50 บาท
648,ทรายกระซิบ,นายา,252.00 บาท
649,Jin กับเกมฆาตกรรมมรณะ FILE 03 คดีนับถอยหลัง 7 วันสู่ความตาย,Light~Iris,193.50 บาท
650,Code x,stanley,152.10 บาท
651,บ้านหลอนวิญญาณแค้น,หลวงพี่ฟอร์ด,44.10 บาท
652,ศพชั้น 2 ลางหลอนซ่อนตาย,หลวงพี่ฟอร์ด,44.10 บาท
653,อมตะนิรันดร รักนิรันดร์กาล แม่นาคแห่งพระโขนง,วรรณวิศา ปุ๋ย,135.00 บาท
654,ผีลอยน้ำ,หลวงพี่ฟอร์ด,44.10 บาท
655,บุปผาเพลิง,จินตวีร์ วิวัธน์(จินตนา ปิ่นเฉลียว),414.00 บาท
656,Vertigo Forest ป่าของใจ ในป่าของโลก,เขมวิช ภังคานนท์,170.10 บาท
657,Dead Instinct สัญชาตญาณสั่งตาย,LuckySeven,225.00 บาท
658,ตระกูลต้องสาป 1,LuckySeven,202.50 บาท
659,ขนมปังน้ำแข็งใสไขคดี ตอนปริศนาพินัยกรรม,กมลภัทร,148.50 บาท
660,JINกับเกมฆาตกรรมมรณะ,Light~Iris,193.50 บาท
661,Jin กับเกมฆาตกรรมมรณะ FILE 02 คดีสังหารดาวเคราะห์ทั้งเจ็ด,Light~Iris,193.50 บาท
662,เล่ห์ลับรหัสรัก,โมริสา,238.50 บาท
663,อาถรรพณ์ในดงดิบ (ใหม่),ชาลี เอี่ยมกระสินธุ์,117.00 บาท
664,พราย,บุหลัน รันตี,198.00 บาท
665,ฆาตกรรมหลังเลิกเรียน,ชนินทร อุลิศ,117.00 บาท
666,สัมผัสความกลัว เข้าใกล้ความตาย,รวิโรจน์,108.00 บาท
667,ใต้ร่มเงาจันทร์ (A l'ombre de la lume),ณ พฤศ,166.50 บาท
668,อาถรรพ์เบญจเพส,รวมนักเขียน,161.10 บาท
669,บทเพลงร่ายอสูร ล.2 (3เล่มจบ),Hayashi Kisara,130.50 บาท
670,บันทึกปริศนาปมมรณะ ล.1 ต.สาปแสงจันทร์,Cylinly,130.50 บาท
671,แยกอาฆาต ราชประสงค์,ข้าเจ้า,130.50 บาท
672,คืนบาปพรหมพิราม,สันติ เศวตวิมล,108.00 บาท
673,ฝันร้าย...ตายไม่ดี,รวมนักเขียน,134.10 บาท
674,เพื่อนตาย,SS.Nottee,117.00 บาท
675,ทางผีผ่าน,กริชอาคม,162.00 บาท
676,โรงเรียนหลอน ซ่อนวิญญาณ,รวมนักเขียน,180.00 บาท
677,Undead ศพลวงตาย,ปองวุฒิ,166.50 บาท
678,ศิลปฆาตกรรม 3,wadoiji,175.50 บาท
679,เพชฌฆาตคนสุดท้าย 2,เชาวเรศน์ จารุบุณย์,162.00 บาท
680,การิน ปริศนาคดีอาถรรพ์ คดีที่ 4 บทจบ : พิพิธภัณฑ์คนบาป (การ์ตูน),อัยย์,58.50 บาท
681,Carnival of Love เกมรักราตรีเลือด,RabbitRose,180.00 บาท
682,Milly Mall ห้างศพสินค้า,ปองวุฒิ,152.10 บาท
683,ศิลปฆาตกรรม 1,wadoiji,175.50 บาท
684,หมอพ(ล)าย หมอเจ็บ,ปิยพงษ์ สาครเย็น,108.00 บาท
685,เป๋ อกไก่ วิปริต อำมหิต ฆาตกรรม,สมเกียรติ พ่วงทรัพย์,157.50 บาท
686,ฆาตกรรมในคอนโด,ปราชญา ปารมี,142.20 บาท
687,เที่ยวบินมรณะ,นิชธารณ์,126.00 บาท
688,สวัสดี...นาทีมรณะ,กองบรรณาธิการ,161.10 บาท
689,Fakebook เน็ตเวิร์คชวนตาย,ปองวุฒิ,157.50 บาท
690,The Morgue ดับจิต เชือด อำมหิต,เซวิลล์,135.00 บาท
691,การินการ์ตูน24(คดี 10) บทแรก ต.ตุงหนังมน,อัยย์,58.50 บาท
692,สาวน้อยเกวลิน ตอน คลั่งดารา,อลินา,117.00 บาท
693,สาวน้อยเกวลิน ตอน จากตายจากเป็น,อลินา,108.00 บาท
694,อุโมงค์มาร,จินตวีร์ วิวัธน์(จินตนา ปิ่นเฉลียว),378.00 บาท
695,เสกอสุรกาย,จินตวีร์ วิวัธน์(จินตนา ปิ่นเฉลียว),270.00 บาท
696,Codename : Bloody Mary รหัสเลือดล่าสังหาร,Lilita,170.10 บาท
697,สังหรณ์ฆาตกร,นิชธารณ์,135.00 บาท
698,บ้านศิลาทราย,จินตวีร์ วิวัธน์(จินตนา ปิ่นเฉลียว),432.00 บาท
699,UNKNOWN ปริศนา-ชมรม-อาถรรพ์,Asietha,197.10 บาท
700,ภารกิจซาตาน,ปนาพันธ์,256.50 บาท
701,สาปศพนางฟ้า 3 ความงาม ซากศพ ฆาตกร,กันย์ & Dim-Sum Studio,170.10 บาท
702,นางแค้น (4 ทิศตาย),ภาคินัย,224.10 บาท
703,ผีทวงชีวิต,กริชอาคม,126.00 บาท
704,โรงเรียนอาถรรพ์ กับฝันมรณะ,มายเมธา,207.00 บาท
705,หมอดูยอดนักสืบ,กองบรรณาธิการ,148.50 บาท
706,Parasite ปรสิตสังหาร ล.3(เล่มจบ),Half-life,130.50 บาท
707,Clairvoyant จิตสัมผัสตาย,ปัณณ์,144.00 บาท
708,Malediction รักสาปส่ง,ปัณณ์,144.00 บาท
709,The Alternate พลิกปมแค้น สลับแผนฆาตกรรม,รตกร,157.50 บาท
710,กระจกล่าวิญญาณ : กำเนิดกระจกมายา,ชวลักษณ์,178.20 บาท
711,การิน BlaCX ปริศนาอาถรรพ์ 'สีดำ' 3,อัยย์/Black Tohfu,152.10 บาท
712,เล่นซ่อนผี,ปัณณ์,117.00 บาท
713,เรือนสาบสาง,อัณณ์,126.00 บาท
714,การิน ปริศนาคดีอาถรรพ์ ภาค 2 ล.3 เสียงสะท้อนบาป,อัยย์,161.10 บาท
715,Rouge เงาเลือด,โทชิโอธ คามาตะ,180.00 บาท
716,7 DOLLS กับปริศนาในสวนสนุก,อลิส เจ กอบแก้ว,162.00 บาท
717,GHOST TEST แบบทดสอบผี,Staying,197.10 บาท
718,มิติเร้น,จินตวีร์ วิวัธน์(จินตนา ปิ่นเฉลียว),198.00 บาท
719,สาปภูษา (ปกใหม่),พงศกร,378.00 บาท
720,วังไวกูณฑ์,จินตวีร์ วิวัธน์(จินตนา ปิ่นเฉลียว),378.00 บาท
721,Fake-Lie-Die : Fake เสแสร้ง แกล้ง ตาย,เมธวิน,188.10 บาท
722,การิน ปริศนาคดีอาถรรพ์ คดีที่ 4 บทกลาง : พิพิธภัณฑ์คนบาป (การ์ตูน),อัยย์,58.50 บาท
723,พฤกษนิยาย,ส.พลายน้อย,288.00 บาท
724,อมุษยนิยาย,ส.พลายน้อย,207.00 บาท
725,การิน ปริศนาคดีอาถรรพ์ คดีที่ 5 บทแรก : สะพานข้ามอัสดงแห่งความตาย (การ์ตูน),อัยย์,58.50 บาท
726,ศาสตร์สะกดรอยผี 3,Staying,206.10 บาท
727,Fake-Lie-Die : Die เพื่อน (ตาย) ไม่ทิ้งกัน,เมธวิน,188.10 บาท
728,มนุษย์สังเคราะห์,จินตวีร์ วิวัธน์(จินตนา ปิ่นเฉลียว),216.00 บาท
729,การิน BlaCX ปริศนาอาถรรพ์ 'สีดำ' 2,อัยย์/Black Tohfu,152.10 บาท
730,มาแต่หิมพานต์,จินตวีร์ วิวัธน์(จินตนา ปิ่นเฉลียว),432.00 บาท
731,Cursed Sapphire มณีมนตรา,อาพัชรินทร์,197.10 บาท
732,การิน ปริศนาคดีอาถรรพ์ คดีที่ 1 บทจบ : คืนลอยกระทงสีเลือด (การ์ตูน),อัยย์,58.50 บาท
733,ศาสตร์สะกดรอยผี 2,Staying,197.10 บาท
734,Fake-Lie-Die : Lie ถ้าไม่อยากตายอย่าโกหก,เมธวิน,143.10 บาท
735,Winter เหมันต์สาบสูญ,ปองวุฒิ,139.50 บาท
736,Summer เกาะชะตาฆาต,ปองวุฒิ,148.50 บาท
737,การิน ปริศนาคดีอาถรรพ์ ภาค 2 ล.2 เชือกปะกำศพ,อัยย์,170.10 บาท
738,กึ่งหล้าบาดาล,จินตวีร์ วิวัธน์(จินตนา ปิ่นเฉลียว),432.00 บาท
739,อุปนิสาภพ,ปนาพันธ์ นุตร์อำพันธ์,207.00 บาท
740,สาปศพนางฟ้า 2 รัก ปรารถนา อาฆาต,กันย์ & Dim-Sum Studio,170.10 บาท
741,ชุดนาฏกรรมอำลาเล่ม1-2,,234.00 บาท
742,สาปศพนางฟ้า 1 ความรัก ริษยา ซากศพ,กันย์ & Dim-Sum Studio,179.10 บาท
743,คดีล่าคนเจ้าชู้,วินทร์ เลียววาริณ,175.50 บาท
744,Have No Choice เลือก-ทาง-ตาย 2,Nan-a (Alice) Hwang,143.10 บาท
745,Have No Choice เลือก-ทาง-ตาย 1,Nan-a (Alice) Hwang,134.10 บาท
746,บ้านเช่า...วิญญาณหลอน,ก้าวไกล,166.50 บาท
747,ศาสตร์สะกดรอยผี 1,Staying,197.10 บาท
748,Cursed Final คำสาปหลอนซ่อนวิญญาณ,เมธวิน,170.10 บาท
749,สาวน้อยเกวลิน 3 ตอนคลั่งดารา,อลินา,103.50 บาท
750,การิน ปริศนาคดีอาถรรพ์ คดีที่ 2 บทจบ : ขบวนแห่ภูต ป่าอาถรรพ์ (การ์ตูน),อัยย์,58.50 บาท
751,พรายพระกาฬ,จินตวีร์ วิวัธน์(จินตนา ปิ่นเฉลียว),535.50 บาท
752,ขุมทรัพย์โสมประภา,จินตวีร์ วิวัธน์(จินตนา ปิ่นเฉลียว),324.00 บาท
753,ชีวิตหลังความตาย,มายาวดี,112.50 บาท
754,Cursed 2 คำสาปหลอนโรงเรียนมรณะ,เมธวิน,143.10 บาท
755,เวียงร้อยดาว,บินละเว,216.00 บาท
756,เมย์ สาวน้อยพลังจิต,โซเฟีย,107.10 บาท
757,สาวน้อยเกวลิน 2 ตอนจากตายจากเป็น,อลินา,99.00 บาท
758,สาวน้อยเกวลิน 1 ตอนฆาตกรรมในแฟลต,อลินา,99.00 บาท
759,ของแถม (OBOS),เลออน,152.10 บาท
760,เครื่องรางดักฝัน (OBOS),NichtbraroN,161.10 บาท
761,คนเชิดหุ่น (OBOS),เนบิวลา,161.10 บาท
762,เงาวงกต (OBOS),แทน,152.10 บาท
763,เสียงหอนในห้องมืด HOWL IN THE DARK ROOM,อุเทน พรมแดง,175.50 บาท
764,กลลวงมรณะ  Revenge of Innocents,แนนซี่ เทย์เลอร์ โรเซนเบิร์ก,234.00 บาท
765,ร้านหลอนออนไลน์ 6 (จบ) ตอนอทศน,ข้าเจ้า,130.50 บาท
766,นักฆ่าบ้ากาม,สรจักร ศิริบริรักษ์,126.00 บาท
767,กระจกล่าวิญญาณ ภาคสัญญาเลือดแห่งมนต์ดำ,ชวลักษณ์,198.00 บาท
768,รหัสลับซีซาร์สะท้านโลก,ณัฐนันท์ สอนพรินทร์,180.00 บาท
769,การิน ปริศนาคดีอาถรรพ์ คดีที่ 6 บทแรก : กวีวิฬาร์อาฆาต (การ์ตูน),อัยย์,58.50 บาท
770,เพลิงเมฆา,แพรตะวัน,143.10 บาท
771,เล่ห์ร้ายมรณะ,ฟ้าใส ไอรดา,143.10 บาท
772,7 วันจองเวร : Friday ตอนท้าคนเป็น เห็นคนตาย,ภาคินัย,166.50 บาท
773,ตามล่าเกมมรณะ,ไพฑูรย์ เรือนทอง,224.10 บาท
774,เซ่อเป็นเสร็จ,ไพฑูรย์ เรือนทอง,157.50 บาท
775,เหม่ด่อยี นางพญาอาถรรพ์,มณีมัญช์,179.10 บาท
776,โรงครู,มาโนช นิสรา,108.00 บาท
777,พรายน้ำวน,อาริตา,270.00 บาท
778,7 วันจองเวร : Sunday ตอนห้องคลอดมรณะ,ภาคินัย,161.10 บาท
779,โรงฟอกมนุษย์,เขมปัญญ์ สิปปกรณ์,125.10 บาท
780,ปริศนาพันธุ์สองร่าง,วัชรากร,175.50 บาท
781,รหัสลับคนจูงหมา,กาบแก้ว,161.10 บาท
782,กลัว...?,ศิรวิน ฉินเฉลิมวงศ์,134.10 บาท
783,คุ้งตะเคียนดำ,ฆายณีย์,166.50 บาท
784,พิชิตแผนล่าทรชน,วสันต์ นิธิวรกุล,224.10 บาท
785,Disconnect เกมคร่าชีวิต,Compliated,107.10 บาท
786,โจรกรรมอมตะ,ญาณวุฒิ,170.10 บาท
787,ปมปริศนาเกาะมรณะ,วสันต์ นิธิวรกุล,152.10 บาท
788,เจตภูต...เจ้าหัวใจ,แรเงา,292.50 บาท
789,9 วันตาย,ไพฑูรย์ เรือนทอง,197.10 บาท
790,ภูต เล่ม 1,พ.จันทร์,198.00 บาท
791,ห้องเรียนที่ไม่ยอมเปิดรับ,จิโร่ อาคางาวะ,175.50 บาท
792,เพลงภูต(ข),นิดา,153.00 บาท
793,ปริศนาตลาดนัดราตรี,Tsunekawa Kotaro (ซึเนคาว่า โคทาโร่),157.50 บาท
794,คำพิพากษาของมหาสมุทร (Invisible Wave),ปราบดา หยุ่น,148.50 บาท
795,โรงเรียนปีศาจ,เหมาไถ,108.00 บาท
796,สัมผัสสยองของสาวแอร์ Six Sense,ใบตาล,121.50 บาท
797,ปิดเทอมหลอน 12 Trip ผีเฮี้ยน,อัลเบิร์ต กิ๊กก๊อก,121.50 บาท
798,ผีในคุก,น.ช.,130.50 บาท
799,โรงแรมผี,,90.00 บาท
800,เสือสมิง,,153.00 บาท
801,รากษสโฮเต็ล,สุธี ปิงสุทธิวงศ์,359.10 บาท
802,alone in the mountains,nichacs,180.00 บาท
803,บ่วงฆาต ราชดำเนิน,ศิวา สืบวงศ์สิน,242.10 บาท
804,เหล็กไหล (เล่ม 1-2),พนมเทียน,648.00 บาท
805,ในสวนหย่อม,nichacs,234.00 บาท
